Date,Price,Open,High,Low,Vol.,Change %,Pred,new
"May 04, 2017",28060,28400,28482,28025,0.08K,-1.79%,738.0,117.57074041034866
"May 05, 2017",28184,28136,28382,28135,0.06K,0.44%,-146.0,295.430175937443
"May 08, 2017",28119,28145,28255,28097,7.85K,-0.23%,30.0,132.12371427554538
"May 09, 2017",27981,28125,28192,27947,10.10K,-0.49%,357.0,101.29806419293527
"May 10, 2017",28007,28060,28146,27981,9.28K,0.09%,124.0,112.15331832314767
"May 11, 2017",28022,27995,28100,27945,9.72K,0.05%,149.0,182.42708892467274
"May 12, 2017",28019,28088,28195,27985,9.48K,-0.01%,167.0,141.25513668036362
"May 15, 2017",28008,28049,28157,27996,8.76K,-0.04%,22.0,120.06900985855101
"May 16, 2017",28109,28025,28159,28025,7.73K,0.36%,34.0,218.40164139161428
"May 17, 2017",28614,28170,28638,28170,15.92K,1.80%,420.0,919.3763578274776
"May 18, 2017",28710,28666,28980,28551,23.80K,0.34%,234.0,475.38909320164015
"May 19, 2017",28634,28660,28779,28531,13.16K,-0.26%,345.0,222.89530685920545
"May 22, 2017",28783,28590,28799,28568,9.31K,0.52%,265.0,425.73848361803533
"May 23, 2017",28808,28804,28930,28740,12.50K,0.09%,138.0,194.44954766875526
"May 24, 2017",28719,28770,28770,28650,8.69K,-0.31%,378.0,69.28900523560151
"May 25, 2017",28638,28769,28770,28600,9.93K,-0.28%,413.0,39.225874125873816
"May 26, 2017",28847,28694,28866,28674,9.52K,0.73%,214.0,346.1584013391912
"May 29, 2017",28874,28843,28928,28807,4.56K,0.09%,121.0,152.28142465373094
"May 30, 2017",28704,28921,28960,28680,9.88K,-0.59%,491.0,63.23430962343264
"May 31, 2017",28905,28683,28950,28628,7.83K,0.70%,397.0,547.1156210702793
"Jun 01, 2017",28749,28877,28877,28712,1.77K,-0.54%,404.0,37.212628865978324
"Jun 02, 2017",28949,28685,29011,28680,0.31K,0.70%,222.0,598.1045676429568
"Jun 05, 2017",29111,29045,29180,29045,0.71K,0.56%,-3.0,201.30676536409007
"Jun 06, 2017",29481,29220,29499,29216,11.14K,1.27%,259.0,546.5669153888266
"Jun 07, 2017",29376,29439,29485,29310,9.82K,-0.36%,344.0,112.39406345957106
"Jun 08, 2017",29049,29319,29345,28951,12.95K,-1.11%,906.0,125.33370177196049
"Jun 09, 2017",28938,29001,29009,28836,8.98K,-0.38%,526.0,110.61194340407745
"Jun 12, 2017",28917,28905,28971,28851,7.77K,-0.07%,174.0,132.2745138816681
"Jun 13, 2017",28862,28907,28916,28711,7.71K,-0.19%,685.0,161.0781581972078
"Jun 14, 2017",28946,28890,29025,28802,9.37K,0.29%,329.0,280.1149225748195
"Jun 15, 2017",28686,28890,28890,28640,11.43K,-0.90%,592.0,46.40153631284921
"Jun 16, 2017",28616,28697,28718,28600,6.78K,-0.24%,205.0,37.06601398601561
"Jun 19, 2017",28473,28593,28593,28460,7.55K,-0.50%,292.0,13.060751932538553
"Jun 20, 2017",28475,28470,28530,28420,7.69K,0.01%,150.0,115.21287825475157
"Jun 21, 2017",28495,28539,28575,28403,9.08K,0.07%,420.0,128.55712424743982
"Jun 22, 2017",28557,28530,28670,28519,7.48K,0.22%,-42.0,178.20119920053185
"Jun 23, 2017",28648,28596,28782,28596,7.10K,0.32%,-82.0,238.33822912295363
"Jun 26, 2017",28426,28302,28440,28264,4.61K,-0.77%,262.0,301.0087744126795
"Jun 27, 2017",28483,28411,28572,28401,7.63K,0.20%,23.0,243.4937150100341
"Jun 28, 2017",28485,28569,28660,28461,7.73K,0.01%,173.0,115.16780858016136
"Jun 29, 2017",28527,28522,28550,28380,7.94K,0.15%,550.0,175.88054968287545
"Jun 30, 2017",28295,28505,28505,28168,8.40K,-0.81%,928.0,128.51941919909223
"Jul 03, 2017",27952,28300,28300,27925,3.24K,-1.21%,804.0,27.36257833482523
"Jul 04, 2017",28043,27956,28169,27956,1.26K,0.33%,-39.0,300.66286307053815
"Jul 05, 2017",28051,28120,28155,27845,0.90K,0.03%,927.0,243.29340994792443
"Jul 06, 2017",28143,28200,28237,28111,10.57K,0.33%,205.0,69.14343139696211
"Jul 07, 2017",27812,28101,28140,27754,16.37K,-1.18%,771.0,97.80665849967407
"Jul 10, 2017",27840,27835,27887,27620,13.13K,0.10%,818.0,274.12671976828284
"Jul 11, 2017",27871,27805,27929,27702,11.02K,0.11%,420.0,294.3848458595058
"Jul 12, 2017",27889,27919,28033,27840,10.47K,0.06%,142.0,163.3396910919546
"Jul 13, 2017",27868,27945,27968,27851,7.67K,-0.08%,199.0,40.07141574808703
"Jul 14, 2017",28022,27850,28150,27753,14.38K,0.55%,432.0,572.8479803985138
"Jul 17, 2017",28147,28050,28173,28050,7.52K,0.45%,71.0,220.42534759358387
"Jul 18, 2017",28280,28160,28299,28160,9.35K,0.47%,101.0,259.59232954545587
"Jul 19, 2017",28270,28270,28285,28150,8.47K,-0.04%,465.0,135.57548845470592
"Jul 20, 2017",28345,28220,28380,28155,11.27K,0.27%,350.0,351.5183803942455
"Jul 21, 2017",28541,28333,28559,28300,9.54K,0.69%,322.0,469.20561837455904
"Jul 24, 2017",28530,28531,28612,28480,7.97K,-0.04%,121.0,131.2317415730322
"Jul 25, 2017",28490,28535,28584,28410,11.13K,-0.14%,361.0,129.4899683210133
"Jul 26, 2017",28396,28462,28462,28320,8.09K,-0.33%,436.0,76.3810734463259
"Jul 27, 2017",28477,28455,28613,28376,10.46K,0.29%,202.0,259.84356498449415
"Jul 28, 2017",28596,28533,28620,28405,8.24K,0.42%,551.0,279.4456961802498
"Jul 31, 2017",28588,28572,28628,28510,6.20K,-0.03%,224.0,134.32283409330194
"Aug 01, 2017",28514,28623,28623,28447,2.23K,-0.26%,486.0,67.41452525749628
"Aug 02, 2017",28486,28451,28586,28373,0.58K,-0.10%,247.0,248.84830648856223
"Aug 03, 2017",28447,28400,28500,28299,0.48K,-0.14%,398.0,249.05120322272703
"Aug 04, 2017",28373,28525,28585,28355,0.07K,-0.26%,316.0,78.1460059954152
"Aug 07, 2017",28419,28332,28437,28320,3.95K,0.16%,117.0,204.40900423728817
"Aug 08, 2017",28357,28416,28497,28283,7.40K,-0.22%,333.0,155.55991231481673
"Aug 09, 2017",28800,28415,28821,28415,11.58K,1.56%,364.0,796.5009677986965
"Aug 10, 2017",29130,28845,29173,28845,12.40K,1.15%,242.0,616.2407696307855
"Aug 11, 2017",29158,29147,29300,29032,11.32K,0.10%,329.0,280.16313033893675
"Aug 14, 2017",29042,29100,29116,28982,7.74K,-0.40%,340.0,76.27741356704064
"Aug 16, 2017",28878,28978,28978,28727,10.49K,-0.56%,804.0,152.31935113307918
"Aug 17, 2017",29093,28900,29174,28800,9.73K,0.74%,512.0,570.8049305555543
"Aug 18, 2017",29109,29070,29380,29013,12.43K,0.05%,-4.0,407.2143521869512
"Aug 21, 2017",29224,29050,29248,29030,7.42K,0.40%,230.0,393.45683775404905
"Aug 22, 2017",29061,29200,29200,28980,8.75K,-0.56%,602.0,81.61490683229931
"Aug 23, 2017",29090,29063,29148,29023,7.27K,0.10%,129.0,152.28856424215337
"Aug 24, 2017",29021,29051,29107,28980,7.17K,-0.24%,168.0,97.1796756383701
"Aug 25, 2017",29086,29001,29134,28716,7.04K,0.22%,1177.0,508.3858476110872
"Aug 28, 2017",29425,29101,29440,29095,9.56K,1.17%,333.0,672.9130434782601
"Aug 29, 2017",29588,29469,29810,29425,11.07K,0.55%,73.0,506.13271028037343
"Aug 30, 2017",29540,29640,29640,29405,8.46K,-0.16%,740.0,136.07889814657392
"Aug 31, 2017",29756,29430,29832,29421,6.94K,0.73%,286.0,741.6798205363519
"Sep 01, 2017",29788,29687,29941,29671,1.15K,0.11%,12.0,372.0646759462106
"Sep 04, 2017",30174,30187,30250,29800,0.27K,1.30%,1459.0,442.6476510067113
"Sep 05, 2017",30226,30389,30421,30010,0.19K,0.17%,1158.0,250.9582139286904
"Sep 06, 2017",30088,30200,30298,30055,12.40K,-0.46%,258.0,131.26681084678057
"Sep 07, 2017",30287,30050,30348,30010,14.46K,0.66%,336.0,578.1198267244254
"Sep 08, 2017",30271,30350,30470,30221,13.38K,-0.05%,238.0,170.41196518976722
"Sep 11, 2017",29942,30187,30187,29888,12.58K,-1.09%,706.0,54.540216809422425
"Sep 12, 2017",29953,29910,29977,29830,9.39K,0.04%,339.0,190.60613476366046
"Sep 13, 2017",29896,30011,30077,29841,10.61K,-0.19%,384.0,121.43497201836362
"Sep 14, 2017",30020,29831,30059,29775,12.39K,0.41%,374.0,475.3368597816952
"Sep 15, 2017",29869,30063,30096,29840,11.58K,-0.50%,471.0,62.24879356568272
"Sep 18, 2017",29561,29845,29845,29550,10.85K,-1.03%,612.0,11.109813874787505
"Sep 19, 2017",29628,29521,29690,29521,8.11K,0.23%,45.0,276.6125470004408
"Sep 20, 2017",29780,29660,29817,29660,8.42K,0.51%,83.0,277.6351989211071
"Sep 21, 2017",29584,29620,29680,29450,13.18K,-0.66%,548.0,195.0465195246179
"Sep 22, 2017",29608,29660,29767,29586,8.54K,0.08%,85.0,129.13459068478187
"Sep 25, 2017",30065,29580,30150,29525,13.45K,1.54%,620.0,1121.430990685858
"Sep 26, 2017",29885,30129,30195,29802,11.90K,-0.60%,754.0,150.09452385746044
"Sep 27, 2017",29673,29861,29944,29644,10.37K,-0.71%,409.0,112.29348266090892
"Sep 28, 2017",29624,29650,29706,29530,7.99K,-0.17%,372.0,150.5602438198439
"Sep 29, 2017",29549,29615,29740,29430,7.49K,-0.25%,483.0,245.25348284063872
"Oct 03, 2017",29400,29420,29456,29352,1.53K,-0.50%,196.0,84.17007358953559
"Oct 04, 2017",29331,29479,29513,29258,0.23K,-0.23%,554.0,107.63623624307728
"Oct 05, 2017",29412,29469,29469,29361,0.06K,0.28%,318.0,51.18759579033576
"Oct 06, 2017",29510,29325,29540,29274,11.30K,0.33%,359.0,453.14442850311025
"Oct 09, 2017",29670,29540,29718,29540,6.17K,0.54%,82.0,308.7833446174664
"Oct 10, 2017",29768,29700,29798,29700,6.98K,0.33%,38.0,166.22437710437592
"Oct 11, 2017",29659,29717,29770,29638,5.43K,-0.37%,147.0,74.09352857817794
"Oct 12, 2017",29756,29725,29840,29692,6.88K,0.33%,79.0,179.31900848713485
"Oct 13, 2017",29800,29750,29817,29660,7.31K,0.15%,393.0,207.74106540795762
"Oct 16, 2017",29808,29809,29896,29790,5.77K,0.03%,-13.0,105.0640483383686
"Oct 17, 2017",29565,29751,29751,29550,8.27K,-0.82%,432.0,15.102030456851935
"Oct 18, 2017",29536,29640,29643,29504,5.08K,-0.10%,333.0,35.150759219090105
"Oct 19, 2017",29654,29600,29669,29593,1.70K,0.40%,67.0,130.15665866927884
"Oct 20, 2017",29541,29600,29622,29524,3.22K,-0.38%,164.0,39.05642866820199
"Oct 23, 2017",29499,29502,29550,29364,7.21K,-0.14%,498.0,183.85512872905747
"Oct 24, 2017",29498,29515,29537,29444,5.50K,-0.00%,228.0,76.17056106507151
"Oct 25, 2017",29362,29475,29475,29275,8.11K,-0.46%,574.0,87.59436379163162
"Oct 26, 2017",29236,29375,29443,29211,8.37K,-0.43%,310.0,93.19855533874217
"Oct 27, 2017",29272,29223,29299,29169,6.53K,0.12%,238.0,179.4590489903676
"Oct 30, 2017",29349,29263,29369,29204,4.82K,0.26%,302.0,251.8192370908109
"Oct 31, 2017",29040,29300,29337,28958,5.80K,-1.05%,811.0,120.07320947579136
"Nov 01, 2017",29120,29048,29260,28991,2.16K,0.28%,160.0,342.19695767651865
"Nov 02, 2017",29242,29301,29318,29168,0.34K,0.42%,397.0,91.38055403181716
"Nov 03, 2017",29191,29230,29456,29002,0.05K,-0.17%,608.0,417.9586235432034
"Nov 06, 2017",29363,29130,29388,29130,7.66K,0.59%,208.0,493.0636457260552
"Nov 07, 2017",29457,29349,29490,29333,8.21K,0.32%,139.0,265.6636893601062
"Nov 08, 2017",29562,29451,29600,29438,7.90K,0.36%,125.0,273.68238331408435
"Nov 09, 2017",29670,29530,29689,29466,9.36K,0.37%,377.0,364.54388108328203
"Nov 10, 2017",29508,29640,29700,29468,9.68K,-0.55%,364.0,100.31491787701816
"Nov 13, 2017",29619,29504,29636,29473,6.19K,0.38%,222.0,278.8074508872524
"Nov 14, 2017",29620,29550,29660,29411,10.22K,0.00%,586.0,320.7694400054388
"Nov 15, 2017",29528,29600,29740,29512,9.84K,-0.31%,68.0,156.12361073461582
"Nov 16, 2017",29491,29544,29555,29452,7.79K,-0.13%,251.0,50.1363914165413
"Nov 17, 2017",29658,29462,29689,29361,9.90K,0.57%,569.0,527.3178706447325
"Nov 20, 2017",29339,29700,29729,29268,10.65K,-1.08%,977.0,101.11832034986946
"Nov 21, 2017",29334,29410,29425,29277,7.66K,-0.02%,365.0,72.28814427707765
"Nov 22, 2017",29504,29341,29525,29280,7.80K,0.58%,386.0,409.8743169398913
"Nov 23, 2017",29420,29475,29510,29393,5.78K,-0.28%,183.0,62.10747456877653
"Nov 24, 2017",29375,29475,29500,29357,5.80K,-0.15%,247.0,43.08767925878057
"Nov 27, 2017",29460,29450,29510,29402,6.55K,0.29%,152.0,118.21304673151462
"Nov 28, 2017",29381,29450,29456,29359,5.80K,-0.27%,220.0,28.0726863994023
"Nov 29, 2017",29215,29430,29441,29188,5.89K,-0.56%,527.0,38.2340345347402
"Nov 30, 2017",28992,29287,29287,28927,6.54K,-0.76%,850.0,65.8089328309179
"Dec 01, 2017",29217,29045,29344,29038,2.16K,0.78%,73.0,479.8862869343611
"Dec 04, 2017",29059,29021,29200,28970,0.09K,-0.54%,101.0,268.70659302726926
"Dec 05, 2017",28893,29095,29170,28865,0.05K,-0.57%,441.0,103.29586003810982
"Dec 06, 2017",28972,28950,29039,28922,6.38K,0.27%,67.0,139.20226816955983
"Dec 07, 2017",28670,28932,28932,28653,7.38K,-1.04%,592.0,17.165532404982518
"Dec 08, 2017",28588,28650,28650,28500,8.42K,-0.29%,476.0,88.46315789473738
"Dec 11, 2017",28429,28550,28573,28412,5.92K,-0.56%,287.0,40.09633253554785
"Dec 12, 2017",28318,28432,28475,28271,7.58K,-0.39%,373.0,90.33914612146692
"Dec 13, 2017",28377,28350,28445,28320,4.66K,0.21%,79.0,152.25158898305017
"Dec 14, 2017",28500,28434,28589,28421,6.63K,0.43%,29.0,234.46697864255475
"Dec 15, 2017",28441,28474,28559,28395,5.54K,-0.21%,165.0,131.26568057756594
"Dec 18, 2017",28663,28492,28683,28470,6.17K,0.78%,239.0,385.4439409905172
"Dec 19, 2017",28555,28656,28680,28535,5.95K,-0.38%,258.0,44.10162957771171
"Dec 20, 2017",28617,28618,28658,28557,6.07K,0.22%,202.0,100.21220716461904
"Dec 21, 2017",28596,28645,28665,28542,5.63K,-0.07%,294.0,74.23270969098303
"Dec 22, 2017",28757,28560,28790,28560,6.08K,0.56%,164.0,428.58648459383767
"Dec 26, 2017",28924,28796,28933,28778,4.33K,0.58%,191.0,283.7863645840589
"Dec 27, 2017",29092,28890,29110,28888,5.16K,0.58%,192.0,425.5677097756852
"Dec 28, 2017",29171,29150,29220,29099,5.06K,0.27%,176.0,142.2993917316744
"Dec 29, 2017",29372,29202,29400,29134,6.93K,0.69%,414.0,438.1729937530035
"Jan 01, 2018",29324,29332,29385,29275,1.58K,-0.16%,159.0,102.18411614005163
"Jan 02, 2018",29392,29332,29463,29332,1.70K,0.23%,-11.0,191.26796672576165
"Jan 03, 2018",29481,29385,29492,29385,0.19K,0.30%,85.0,203.34956610515653
"Jan 04, 2018",29472,29365,29475,29276,0.20K,-0.03%,460.0,307.3322858313986
"Jan 05, 2018",29465,29500,29550,29440,0.19K,-0.02%,120.0,75.0934103260879
"Jan 08, 2018",29270,29235,29290,29176,5.90K,-0.66%,251.0,149.36728818206757
"Jan 09, 2018",29173,29265,29278,29153,5.42K,-0.33%,251.0,33.08575446780742
"Jan 10, 2018",29343,29155,29444,29123,10.83K,0.58%,215.0,511.4248875459271
"Jan 11, 2018",29404,29338,29420,29315,5.81K,0.21%,142.0,171.31877878219166
"Jan 12, 2018",29553,29425,29590,29425,9.23K,0.51%,91.0,293.7177570093445
"Jan 15, 2018",29763,29590,29785,29590,6.00K,0.71%,151.0,369.14008110848226
"Jan 16, 2018",29830,29780,29860,29754,8.69K,0.23%,124.0,156.27075351213352
"Jan 17, 2018",29761,29876,29884,29705,6.83K,-0.23%,446.0,64.33745160747276
"Jan 18, 2018",29644,29702,29702,29501,9.53K,-0.39%,688.0,143.9743059557295
"Jan 19, 2018",29743,29615,29775,29600,5.95K,0.33%,156.0,303.84543918919013
"Jan 22, 2018",29806,29701,29825,29701,5.52K,0.21%,86.0,229.43836907848163
"Jan 23, 2018",29876,29836,29924,29752,7.02K,0.23%,328.0,212.71685937079747
"Jan 24, 2018",30244,29907,30290,29879,11.08K,1.23%,403.0,753.0207503597849
"Jan 25, 2018",30367,30310,30476,30185,9.88K,0.41%,448.0,349.7545800894477
"Jan 29, 2018",30074,30285,30285,30004,8.63K,-0.96%,702.0,70.65557925609754
"Jan 30, 2018",30052,30000,30197,29960,6.81K,-0.07%,67.0,289.7277703604814
"Jan 31, 2018",30064,30085,30172,29976,5.48K,0.04%,307.0,175.57539364825058
"Feb 01, 2018",30512,30125,30550,30050,1.81K,1.49%,649.0,894.6871880199651
"Feb 02, 2018",30399,30780,30817,30200,0.66K,-0.37%,1521.0,240.06566225165443
"Feb 05, 2018",30286,30385,30498,30008,0.19K,-0.37%,1197.0,395.5394561450266
"Feb 06, 2018",30182,30320,30650,30160,12.07K,-0.34%,34.0,352.35742705570374
"Feb 07, 2018",29976,30219,30259,29950,8.73K,-0.68%,550.0,66.2682470784639
"Feb 08, 2018",30103,29905,30147,29783,11.10K,0.42%,642.0,565.910955914449
"Feb 09, 2018",29999,30060,30110,29889,9.20K,-0.35%,512.0,160.8133427013272
"Feb 12, 2018",30133,30102,30175,30017,6.40K,0.45%,329.0,189.6105873338456
"Feb 13, 2018",30195,30170,30221,30091,3.53K,0.21%,315.0,155.44930377853962
"Feb 14, 2018",30605,30220,30693,30066,12.87K,1.36%,913.0,1023.2403711833977
"Feb 15, 2018",30549,30612,30644,30501,7.63K,-0.18%,286.0,80.22504180190663
"Feb 16, 2018",30785,30600,30811,30600,8.67K,0.77%,159.0,397.2756535947701
"Feb 19, 2018",30715,30717,30777,30678,4.03K,-0.23%,92.0,97.11940152552415
"Feb 20, 2018",30524,30668,30737,30505,9.25K,-0.62%,295.0,88.1445009014933
"Feb 21, 2018",30459,30500,30516,30371,7.08K,-0.21%,418.0,104.42013763129215
"Feb 22, 2018",30564,30450,30580,30380,6.53K,0.34%,378.0,315.21132323897467
"Feb 23, 2018",30492,30497,30508,30426,5.14K,-0.24%,263.0,77.17787418654916
"Feb 26, 2018",30518,30520,30620,30492,5.84K,0.09%,8.0,126.10914338186922
"Feb 27, 2018",30306,30518,30597,30270,7.86K,-0.69%,489.0,115.38889990089228
"Feb 28, 2018",30423,30319,30475,30277,5.12K,0.39%,220.0,302.95478415959224
"Mar 01, 2018",30181,30307,30372,30111,1.47K,-0.80%,467.0,135.60675500647628
"Mar 02, 2018",30473,30445,30575,30400,0.15K,0.97%,106.0,203.42023026315655
"Mar 05, 2018",30429,30400,30535,30310,0.18K,-0.14%,283.0,254.88337182447867
"Mar 06, 2018",30568,30400,30669,30365,10.81K,0.46%,207.0,474.03233986497435
"Mar 07, 2018",30461,30620,30639,30404,10.10K,-0.35%,527.0,76.44056703065506
"Mar 08, 2018",30436,30491,30533,30390,7.75K,-0.08%,252.0,88.21645278052166
"Mar 09, 2018",30408,30413,30474,30290,10.96K,-0.09%,421.0,179.7168042258163
"Mar 12, 2018",30340,30380,30432,30284,7.37K,-0.22%,252.0,108.27367586844412
"Mar 13, 2018",30387,30350,30409,30222,10.98K,0.15%,527.0,225.02094500694875
"Mar 14, 2018",30413,30399,30545,30364,9.56K,0.09%,22.0,195.29208931629543
"Mar 15, 2018",30314,30456,30474,30288,8.33K,-0.33%,370.0,44.15966719493008
"Mar 16, 2018",30251,30275,30364,30184,10.02K,-0.21%,227.0,156.39954943016346
"Mar 19, 2018",30432,30222,30453,30129,11.62K,0.60%,561.0,537.2583889276102
"Mar 20, 2018",30284,30393,30393,30220,9.13K,-0.49%,474.0,64.36637988087386
"Mar 21, 2018",30464,30310,30539,30284,11.32K,0.59%,183.0,410.51565182934786
"Mar 22, 2018",30506,30522,30615,30472,11.33K,0.14%,75.0,127.15955631399264
"Mar 23, 2018",30901,30550,30947,30550,13.64K,1.29%,305.0,752.561276595745
"Mar 26, 2018",30889,30840,30915,30771,7.33K,-0.04%,299.0,193.55220824802743
"Mar 27, 2018",30717,30871,30888,30685,9.46K,-0.56%,419.0,49.211699527455494
"Mar 28, 2018",30518,30732,30750,30490,8.56K,-0.65%,522.0,46.23876680879039
"Mar 29, 2018",30426,30482,30578,30403,3.20K,-0.30%,108.0,119.1323882511606
"Apr 02, 2018",30961,30580,31080,30510,1.38K,1.76%,542.0,959.4257620452299
"Apr 03, 2018",30625,30893,30893,30552,0.33K,-1.09%,828.0,73.81477481015827
"Apr 04, 2018",30886,30660,30972,30600,0.07K,0.85%,380.0,601.4768627450976
"Apr 05, 2018",30505,31500,31500,30450,0.06K,-1.23%,2210.0,56.89655172413768
"Apr 06, 2018",30605,30571,30650,30413,13.42K,0.33%,621.0,272.49620228192003
"Apr 09, 2018",30675,30600,30693,30556,7.60K,0.23%,233.0,212.53354496661998
"Apr 10, 2018",30798,30613,30819,30585,8.76K,0.40%,276.0,420.6296223639037
"Apr 11, 2018",31244,30820,31422,30820,18.12K,1.45%,246.0,1034.2818948734605
"Apr 12, 2018",30897,31176,31217,30857,13.21K,-1.11%,677.0,81.46666882717182
"Apr 13, 2018",31005,30922,31075,30770,9.89K,0.35%,621.0,390.3293792655168
"Apr 16, 2018",31167,31055,31227,31050,8.09K,0.52%,72.0,289.66695652173803
"Apr 17, 2018",31257,31139,31280,31089,9.19K,0.29%,295.0,310.03213355206026
"Apr 18, 2018",31410,31243,31483,31177,9.90K,0.49%,358.0,475.2868781473517
"Apr 19, 2018",31479,31449,31517,31305,8.78K,0.22%,568.0,243.17834211787343
"Apr 20, 2018",31314,31405,31440,31285,6.02K,-0.52%,263.0,64.14367907943233
"Apr 23, 2018",31164,31300,31300,31110,6.67K,-0.48%,488.0,54.32979749276637
"Apr 24, 2018",31262,31160,31280,31068,6.35K,0.31%,452.0,315.32380584524435
"Apr 25, 2018",31301,31298,31324,31215,6.17K,0.12%,312.0,112.30030434086076
"Apr 26, 2018",31158,31251,31276,31112,6.27K,-0.46%,345.0,71.24247878632012
"Apr 27, 2018",31129,31101,31189,31047,6.10K,-0.09%,184.0,170.37504428769168
"Apr 30, 2018",30947,31090,31090,30892,6.38K,-0.58%,506.0,55.352518451378266
"May 01, 2018",30874,30855,30917,30735,0.86K,-0.24%,456.0,201.82310069952652
"May 02, 2018",30926,31020,31350,30860,0.50K,0.17%,122.0,397.0479585223584
"May 03, 2018",31003,30925,31146,30861,0.21K,0.25%,191.0,364.31136385729405
"May 04, 2018",31068,30907,31154,30907,0.13K,0.21%,75.0,409.2866664509674
"May 07, 2018",31247,31125,31300,31125,6.16K,0.58%,69.0,297.68594377510084
"May 08, 2018",31200,31220,31238,31075,8.69K,-0.15%,522.0,143.655671761866
"May 09, 2018",31303,31219,31364,31156,9.93K,0.33%,275.0,292.98138400308017
"May 10, 2018",31352,31338,31470,31231,10.73K,0.16%,324.0,253.92597099036357
"May 11, 2018",31500,31340,31545,31340,8.84K,0.47%,115.0,366.0465858328025
"May 14, 2018",31496,31450,31544,31380,7.90K,-0.01%,278.0,210.6062460165704
"May 15, 2018",31186,31425,31499,31172,14.51K,-0.98%,460.0,88.14686256897039
"May 16, 2018",31007,31171,31171,30941,10.73K,-0.57%,592.0,66.49061116318262
"May 17, 2018",30986,31001,31001,30852,8.54K,-0.07%,566.0,134.6471541553219
"May 18, 2018",31093,30971,31115,30950,7.38K,0.35%,184.0,287.7623586429727
"May 21, 2018",31114,31035,31139,30925,8.03K,0.07%,494.0,294.30787388843964
"May 22, 2018",31111,31025,31173,31005,7.33K,-0.01%,104.0,254.57435897435792
"May 23, 2018",31186,31121,31369,31103,11.98K,0.24%,-46.0,331.7098350641427
"May 24, 2018",31461,31241,31486,31235,11.06K,0.88%,219.0,472.8161037297905
"May 25, 2018",31194,31370,31427,31172,10.05K,-0.85%,383.0,79.17996920313091
"May 28, 2018",30971,31150,31150,30885,6.81K,-0.71%,702.0,86.73789865630533
"May 29, 2018",31184,31020,31320,31020,12.38K,0.69%,28.0,465.5860735009665
"May 30, 2018",31030,31120,31123,30937,9.14K,-0.49%,549.0,96.55913630927536
"May 31, 2018",30882,31050,31120,30837,6.07K,-0.48%,446.0,115.41297791614124
"Jun 01, 2018",30568,30796,30839,30458,2.07K,-1.02%,853.0,154.37599317092463
"Jun 04, 2018",30708,30650,30812,30580,0.34K,0.46%,234.0,290.9710922171362
"Jun 05, 2018",30699,30673,30935,30656,0.08K,-0.03%,-142.0,305.3913426409199
"Jun 06, 2018",30755,30876,30913,30720,6.33K,0.18%,345.0,72.21988932291787
"Jun 07, 2018",31055,30820,31075,30789,8.21K,0.98%,339.0,523.4708824580193
"Jun 08, 2018",31076,31011,31196,30950,8.18K,0.07%,189.0,312.00148626817463
"Jun 11, 2018",31035,31070,31083,30920,7.52K,-0.13%,517.0,128.6062419146183
"Jun 12, 2018",30952,31001,31001,30873,6.95K,-0.27%,414.0,79.32753538690667
"Jun 13, 2018",30952,30936,30994,30920,3.91K,0.00%,38.0,90.07658473480114
"Jun 14, 2018",31145,30973,31178,30973,8.59K,0.62%,139.0,378.13841087398765
"Jun 15, 2018",30804,31180,31195,30755,11.17K,-1.09%,933.0,64.70102422370474
"Jun 18, 2018",30773,30799,30836,30721,4.81K,-0.10%,223.0,89.19465512190435
"Jun 19, 2018",30702,30848,30899,30673,7.27K,-0.23%,357.0,80.21367326312975
"Jun 20, 2018",30605,30680,30702,30580,4.93K,-0.32%,228.0,47.099738391105355
"Jun 21, 2018",30451,30575,30575,30367,6.94K,-0.50%,584.0,84.57536141205857
"Jun 22, 2018",30498,30410,30554,30387,6.81K,0.15%,124.0,255.61003060519212
"Jun 25, 2018",30540,30500,30648,30500,4.98K,0.14%,-68.0,188.1940983606546
"Jun 26, 2018",30480,30512,30574,30335,6.41K,-0.20%,582.0,208.14240975770736
"Jun 27, 2018",30606,30466,30631,30435,6.00K,0.41%,239.0,337.10123213405683
"Jun 28, 2018",30431,30588,30604,30408,4.32K,-0.57%,390.0,39.148250460406416
"Jun 29, 2018",30363,30404,30449,30288,5.61K,-0.22%,337.0,120.39867274168137
"Jul 02, 2018",30153,30380,30412,30000,2.26K,-0.69%,1034.0,187.10120000000094
"Jul 03, 2018",30469,30185,30600,30100,0.19K,1.05%,493.0,790.1295681063131
"Jul 04, 2018",30510,30463,30550,30463,0.04K,0.13%,7.0,134.13422840823114
"Jul 05, 2018",30541,30600,30640,30495,0.02K,0.10%,262.0,86.21872438104765
"Jul 06, 2018",30582,30650,30740,30570,4.84K,0.13%,94.0,102.06673209028305
"Jul 09, 2018",30638,30613,30788,30613,7.26K,0.18%,-125.0,200.142913141477
"Jul 10, 2018",30551,30663,30679,30436,7.52K,-0.28%,668.0,131.91815613089784
"Jul 11, 2018",30344,30502,30545,30325,6.02K,-0.68%,349.0,62.13784006595233
"Jul 12, 2018",30175,30315,30315,30161,7.75K,-0.56%,336.0,14.07148304101429
"Jul 13, 2018",30131,30169,30210,30035,7.17K,-0.15%,419.0,137.55934742799946
"Jul 16, 2018",30103,30151,30248,30074,5.56K,-0.09%,115.0,126.16778612755294
"Jul 17, 2018",29757,30102,30120,29740,9.28K,-1.15%,740.0,35.21721587088177
"Jul 18, 2018",29799,29999,29999,29671,7.92K,0.14%,912.0,129.41498432813023
"Jul 19, 2018",29913,29671,29968,29624,8.40K,0.38%,375.0,589.3559276262495
"Jul 20, 2018",29957,29788,29977,29767,7.07K,0.15%,233.0,380.3404105217196
"Jul 23, 2018",29914,29922,30043,29862,7.10K,-0.14%,103.0,173.3151831759424
"Jul 24, 2018",29912,29860,29978,29780,7.69K,-0.01%,306.0,250.87763599731258
"Jul 25, 2018",29959,29867,30035,29835,7.58K,0.16%,144.0,292.8312384782985
"Jul 26, 2018",29836,29912,29952,29816,5.77K,-0.41%,192.0,60.09122618728361
"Jul 27, 2018",29805,29960,29960,29682,7.53K,-0.10%,802.0,124.15201131999129
"Jul 30, 2018",29755,29726,29782,29700,4.90K,-0.17%,106.0,111.15185185185328
"Jul 31, 2018",29638,29730,29740,29561,6.63K,-0.39%,482.0,87.46625621596105
"Aug 01, 2018",29462,29591,29670,29441,2.14K,-0.59%,263.0,100.16334363642454
"Aug 02, 2018",29520,29532,29638,29477,0.92K,0.20%,90.0,149.23486107813002
"Aug 03, 2018",29800,29520,29900,29425,0.11K,0.95%,560.0,761.0535259133394
"Aug 06, 2018",29563,29656,29656,29538,4.02K,-0.80%,286.0,25.099871352154878
"Aug 07, 2018",29534,29604,29668,29520,5.98K,-0.10%,132.0,78.07018970189529
"Aug 08, 2018",29544,29560,29630,29500,6.45K,0.03%,138.0,114.19389830508591
"Aug 09, 2018",29605,29565,29665,29529,5.58K,0.21%,124.0,176.3500287852621
"Aug 10, 2018",29706,29625,29744,29540,7.31K,0.34%,383.0,286.146377792822
"Aug 13, 2018",29665,29750,29836,29644,7.72K,-0.14%,168.0,107.13601403319261
"Aug 14, 2018",29664,29665,29740,29575,4.99K,-0.00%,283.0,164.49653423499694
"Aug 16, 2018",29275,29615,29615,29222,10.27K,-1.31%,892.0,53.712784888099115
"Aug 17, 2018",29275,29291,29375,29184,6.00K,0.00%,312.0,175.59556606359547
"Aug 20, 2018",29435,29388,29459,29350,5.66K,0.55%,175.0,156.31567291311873
"Aug 21, 2018",29542,29460,29565,29436,6.27K,0.36%,155.0,211.46453322462185
"Aug 22, 2018",29627,29450,29733,29450,4.61K,0.29%,71.0,461.7008828522921
"Aug 23, 2018",29576,29666,29666,29490,5.98K,-0.17%,524.0,86.51325873177484
"Aug 24, 2018",29882,29550,29900,29550,9.03K,1.03%,314.0,685.9323181049076
"Aug 27, 2018",29973,29930,30045,29863,6.67K,0.30%,239.0,225.67039480293167
"Aug 28, 2018",29981,30015,30170,29951,6.78K,0.03%,33.0,185.21935828519784
"Aug 29, 2018",30144,29977,30168,29977,6.08K,0.54%,143.0,359.0640491043123
"Aug 30, 2018",30131,30110,30269,30082,6.31K,-0.04%,-5.0,208.30460075792868
"Aug 31, 2018",30116,30224,30298,30055,5.78K,-0.05%,386.0,135.49319580768497
"Sep 03, 2018",30327,30075,30448,30062,1.44K,0.70%,183.0,641.402634555252
"Sep 04, 2018",30221,30238,30300,30154,0.17K,-0.35%,240.0,129.32440140611652
"Sep 05, 2018",30310,30257,30494,30250,0.05K,0.29%,-103.0,297.483966942149
"Sep 06, 2018",30565,30366,30693,30366,14.80K,0.84%,71.0,528.142955937561
"Sep 07, 2018",30509,30643,30643,30405,9.44K,-0.18%,684.0,104.81407663213396
"Sep 10, 2018",30725,30549,30748,30526,11.42K,0.71%,245.0,399.4472253161257
"Sep 11, 2018",30732,30660,30744,30559,11.40K,0.02%,464.0,258.0473183022986
"Sep 12, 2018",30664,30682,30779,30443,15.88K,-0.22%,823.0,320.4391814210176
"Sep 13, 2018",30470,30576,30690,30450,6.63K,-0.63%,178.0,134.15763546798192
"Sep 14, 2018",30453,30501,30648,30401,11.82K,-0.06%,157.0,199.4224861024304
"Sep 17, 2018",30778,30509,30800,30509,13.77K,1.07%,247.0,562.5657674784488
"Sep 18, 2018",30811,30710,30925,30652,11.96K,0.11%,219.0,375.41612292835634
"Sep 19, 2018",30649,30821,30936,30634,13.10K,-0.53%,289.0,130.14787491023162
"Sep 20, 2018",30623,30700,30700,30585,3.97K,-0.08%,306.0,38.14288049697643
"Sep 21, 2018",30609,30731,30910,30455,15.51K,-0.05%,681.0,335.3007716302745
"Sep 24, 2018",30862,30620,30899,30620,10.49K,0.83%,205.0,523.2050293925531
"Sep 25, 2018",30838,30821,30864,30755,7.69K,-0.08%,255.0,126.29416355064312
"Sep 26, 2018",30608,30824,30830,30587,9.12K,-0.75%,510.0,27.166835583746433
"Sep 27, 2018",30356,30738,30738,30321,10.28K,-0.82%,904.0,35.481349559711816
"Sep 28, 2018",30479,30398,30520,30264,8.85K,0.41%,576.0,338.81866243721737
"Oct 01, 2018",30614,30399,30660,30376,2.22K,0.44%,261.0,501.22517777192485
"Oct 03, 2018",31025,30890,31168,30889,0.19K,1.34%,-4.0,415.2283984589994
"Oct 04, 2018",31136,31072,31164,31015,0.04K,0.36%,264.0,213.5812993712716
"Oct 05, 2018",31233,31101,31288,30985,0.07K,0.31%,541.0,437.42517347103416
"Oct 08, 2018",31096,31369,31389,31083,9.96K,-0.44%,578.0,33.12797992471678
"Oct 09, 2018",31161,31200,31275,31115,7.31K,0.21%,187.0,121.23654186083876
"Oct 10, 2018",31247,31235,31265,31151,6.58K,0.28%,330.0,126.35132098487884
"Oct 11, 2018",31793,31300,31815,31250,17.38K,1.75%,671.0,1067.817439999999
"Oct 12, 2018",31670,31699,31720,31574,10.61K,-0.39%,421.0,117.44390954582924
"Oct 15, 2018",31877,31723,32075,31723,14.31K,0.65%,-44.0,507.7087917284006
"Oct 16, 2018",31701,31877,31957,31680,10.71K,-0.55%,356.0,101.18361742424169
"Oct 17, 2018",31702,31670,31839,31635,8.63K,0.00%,35.0,236.4320531057383
"Oct 18, 2018",31885,31670,31909,31638,5.54K,0.58%,319.0,488.1157152790948
"Oct 19, 2018",31737,31805,31867,31703,7.59K,-0.46%,210.0,96.17588240860641
"Oct 22, 2018",31729,31738,31749,31641,6.73K,-0.03%,359.0,99.30036977339478
"Oct 23, 2018",31871,31721,32053,31721,13.47K,0.45%,-32.0,483.5699378960308
"Oct 24, 2018",31723,31820,31844,31585,9.82K,-0.46%,722.0,163.1316131074891
"Oct 25, 2018",31683,31800,31912,31663,9.54K,-0.13%,202.0,132.15728136942198
"Oct 26, 2018",31764,31779,31993,31725,13.31K,0.26%,-28.0,253.3294562647752
"Oct 29, 2018",31730,31847,31847,31692,6.67K,-0.11%,386.0,38.18585131894361
"Oct 30, 2018",31725,31755,31789,31651,5.96K,-0.02%,322.0,108.32264383431902
"Oct 31, 2018",31631,31650,31780,31590,5.67K,-0.30%,72.0,171.24659702437566
"Nov 01, 2018",31783,31671,31818,31619,1.58K,0.48%,285.0,312.0321642050658
"Nov 02, 2018",31737,31737,31999,31530,0.54K,-0.14%,566.0,472.0790675547105
"Nov 05, 2018",31783,31785,31898,31630,0.18K,0.14%,503.0,267.2963642111936
"Nov 06, 2018",31657,31718,31869,31641,9.16K,-0.40%,35.0,167.11529344837254
"Nov 07, 2018",31602,31660,31678,31530,1.80K,-0.17%,386.0,90.33796384395828
"Nov 08, 2018",31408,31551,31551,31234,6.11K,-0.61%,982.0,175.7659601716077
"Nov 09, 2018",31023,31302,31383,30965,10.71K,-1.23%,709.0,139.78294849023223
"Nov 12, 2018",31014,31106,31178,30975,7.77K,-0.03%,268.0,111.2555932203395
"Nov 13, 2018",30778,31110,31110,30756,8.28K,-0.76%,752.0,22.253218884121452
"Nov 14, 2018",30838,30700,30867,30620,7.55K,0.19%,429.0,386.7585238406282
"Nov 15, 2018",30831,30830,30939,30753,8.71K,-0.02%,201.0,187.47175885279648
"Nov 16, 2018",31017,30856,31158,30830,10.10K,0.60%,124.0,490.9894907557573
"Nov 19, 2018",30888,31068,31068,30785,8.15K,-0.42%,772.0,103.94685723566728
"Nov 20, 2018",30830,30811,30994,30800,8.35K,-0.19%,-101.0,213.1889610389626
"Nov 21, 2018",30839,30800,30910,30750,7.74K,0.03%,168.0,199.4630894308939
"Nov 22, 2018",30613,30852,30899,30555,9.81K,-0.73%,663.0,105.6529864179356
"Nov 23, 2018",30513,30551,30566,30427,4.66K,-0.33%,405.0,101.3928747493992
"Nov 26, 2018",30574,30472,30672,30470,7.68K,0.20%,12.0,304.6894650475879
"Nov 27, 2018",30423,30585,30648,30389,7.86K,-0.49%,397.0,97.28977590575596
"Nov 28, 2018",30457,30400,30593,30270,8.40K,0.11%,441.0,381.9954079947129
"Nov 29, 2018",30253,30399,30399,30210,6.69K,-0.67%,464.0,43.269016881826246
"Nov 30, 2018",30186,30233,30320,30155,7.63K,-0.22%,131.0,118.16962361134209
"Dec 03, 2018",30787,30322,30850,30257,1.60K,1.99%,662.0,1068.3873483821917
"Dec 04, 2018",30964,30874,31085,30874,0.08K,0.57%,-31.0,301.6150806503865
"Dec 05, 2018",30926,30830,30970,30825,0.04K,-0.12%,72.0,241.47510137875
"Dec 06, 2018",31005,31039,31196,30974,10.55K,0.26%,35.0,188.22218634984162
"Dec 07, 2018",31440,31011,31480,30941,11.24K,1.40%,669.0,976.6927054717053
"Dec 10, 2018",31895,31459,31966,31420,14.09K,1.45%,521.0,990.2542966263536
"Dec 11, 2018",31812,31850,31850,31618,10.53K,-0.26%,,195.4234929470549
"Dec 12, 2018",31626,31749,31749,31582,7.57K,-0.58%,,44.232664175797254
"Dec 13, 2018",31414,31550,31600,31337,8.43K,-0.67%,,127.64623288764051
"Dec 14, 2018",31437,31440,31514,31384,6.75K,0.07%,,127.21953861840302
"Dec 17, 2018",31501,31369,31530,31291,5.97K,0.20%,,372.60397558403196
"Dec 18, 2018",31075,31589,31650,31041,10.18K,-1.35%,,95.66705325214936
"Dec 19, 2018",31139,31167,31500,30967,8.76K,0.21%,,507.96044176058416
"Dec 20, 2018",31219,31027,31250,30914,12.97K,0.26%,,531.3150029113021
"Dec 21, 2018",31126,31115,31292,31075,9.91K,-0.30%,,228.35613837490018
"Dec 24, 2018",31375,31300,31395,31177,8.57K,0.80%,,294.3844821503044
"Dec 26, 2018",31463,31430,31643,31400,10.03K,0.28%,,276.4875477706992
"Dec 27, 2018",31611,31499,31647,31426,8.01K,0.47%,,334.3009928085012
"Dec 28, 2018",31506,31576,31629,31462,6.64K,-0.33%,,97.23355158603954
"Dec 31, 2018",31489,31452,31583,31284,6.60K,-0.05%,,337.95930827259866
"Jan 01, 2019",31560,31550,31651,31410,0.68K,0.23%,,252.1509073543457
"Jan 02, 2019",31934,31530,32500,31510,0.40K,1.19%,,1407.321485242777
"Jan 03, 2019",31939,32000,32045,31836,0.17K,0.02%,,148.67618419399514
"Jan 04, 2019",31679,32686,32686,31460,0.06K,-0.81%,,227.53445645263855
"Jan 07, 2019",31652,31536,31748,31456,12.80K,-0.09%,,409.8194303153614
"Jan 08, 2019",31736,31616,31758,31572,10.84K,0.27%,,306.9661725579645
"Jan 09, 2019",31993,31685,32016,31639,14.63K,0.81%,,689.2181484876272
"Jan 10, 2019",31878,32090,32119,31855,13.33K,-0.36%,,52.19061371841235
"Jan 11, 2019",31924,31907,32065,31888,10.56K,0.14%,,194.19982438534862
"Jan 14, 2019",32130,32050,32194,31963,13.65K,0.65%,,312.2069267590668
"Jan 15, 2019",32169,32066,32273,32064,12.59K,0.12%,,312.68441242515115
"Jan 16, 2019",32272,32148,32299,32103,11.36K,0.32%,,321.0318038812584
"Jan 17, 2019",32253,32300,32363,32190,12.92K,-0.06%,,126.3385834109977
"Jan 18, 2019",32089,32295,32305,32052,12.63K,-0.51%,,47.29205665793053
"Jan 21, 2019",32039,32052,32184,31985,8.90K,-0.16%,,186.335969985932
"Jan 22, 2019",32154,32030,32189,31949,12.04K,0.36%,,365.53995430217043
"Jan 23, 2019",32135,32105,32199,32060,10.91K,-0.06%,,169.32517155333701
"Jan 24, 2019",32016,32100,32147,31986,9.55K,-0.37%,,77.15100356406037
"Jan 25, 2019",32339,32057,32367,32019,13.03K,1.01%,,633.4779349761084
"Jan 28, 2019",32536,32383,32570,32383,10.90K,0.61%,,340.8835191304097
"Jan 29, 2019",32891,32570,32967,32530,13.05K,1.09%,,762.8495849984612
"Jan 30, 2019",32903,32900,32975,32807,9.82K,0.04%,,171.49160240192575
"Jan 31, 2019",33100,32937,33245,32903,10.39K,0.60%,,507.04765522900567
"Feb 01, 2019",33405,33119,33500,32997,3.12K,0.92%,,795.2194744976805
"Feb 04, 2019",33455,34247,34400,33285,0.42K,0.15%,,328.6947573982252
"Feb 05, 2019",33381,33549,33549,33250,0.13K,-0.22%,,132.17801503759256
"Feb 06, 2019",33222,33199,33378,33175,7.27K,-0.48%,,226.28759608138355
"Feb 07, 2019",33056,33169,33200,32951,10.60K,-0.50%,,136.79345088161062
"Feb 08, 2019",33125,33000,33142,32910,9.43K,0.21%,,358.51564873898315
"Feb 11, 2019",32931,33060,33082,32811,11.15K,-0.59%,,142.99113102313274
"Feb 12, 2019",32747,32915,32945,32721,9.36K,-0.56%,,56.17798967024282
"Feb 13, 2019",32909,32727,33028,32680,10.85K,0.49%,,532.4385556915513
"Feb 14, 2019",32970,32862,33000,32765,11.45K,0.19%,,344.47031893789244
"Feb 15, 2019",33263,32992,33280,32992,11.79K,0.89%,,561.3656644034927
"Feb 18, 2019",33463,33333,33484,33333,8.88K,0.60%,,281.58890588906064
"Feb 19, 2019",33753,33499,33797,33434,11.91K,0.87%,,620.4634503798516
"Feb 20, 2019",33719,33800,33877,33680,9.09K,-0.10%,,116.22811757720045
"Feb 21, 2019",33302,33630,33658,33265,14.50K,-1.24%,,65.43712610852526
"Feb 22, 2019",33369,33302,33413,33190,9.55K,0.20%,,291.20268153057987
"Feb 25, 2019",33159,33385,33398,33130,8.44K,-0.63%,,42.23459100512992
"Feb 26, 2019",33228,33225,33450,33205,9.01K,0.21%,,248.16970335792573
"Feb 27, 2019",33171,33300,33466,33138,9.40K,-0.17%,,199.3266340756818
"Feb 28, 2019",32902,33189,33260,32877,8.13K,-0.81%,,96.29123703500956
"Mar 01, 2019",32533,32857,32953,31915,1.56K,-1.12%,,734.0997650007847
"Mar 04, 2019",32505,32394,32601,32315,0.15K,-0.09%,,398.68157202537265
"Mar 05, 2019",32015,33435,33440,32000,0.24K,-1.51%,,20.67500000000291
"Mar 06, 2019",31954,32136,32300,31885,16.71K,-0.19%,,233.89807119335086
"Mar 07, 2019",31946,31959,31980,31800,14.75K,-0.03%,,167.8264150943396
"Mar 08, 2019",32174,31980,32235,31955,16.62K,0.71%,,475.9189485213573
"Mar 11, 2019",31915,32214,32214,31897,12.41K,-0.80%,,18.17888829670483
"Mar 12, 2019",32015,31906,32056,31885,12.06K,0.31%,,280.6971930374784
"Mar 13, 2019",32225,32088,32330,32088,13.82K,0.66%,,380.0332211418609
"Mar 14, 2019",31832,32274,32274,31813,17.21K,-1.22%,,19.275327696224853
"Mar 15, 2019",31853,31895,31960,31768,13.20K,0.07%,,150.51372450264537
"Mar 18, 2019",31685,31800,31815,31590,12.27K,-0.53%,,110.67663817663923
"Mar 19, 2019",31985,31750,32017,31691,14.67K,0.95%,,564.0243286737567
"Mar 20, 2019",31740,31961,31961,31704,14.38K,-0.77%,,36.29182437547206
"Mar 21, 2019",31842,31899,32064,31806,9.41K,0.32%,,201.2920203735157
"Mar 22, 2019",32155,31869,32184,31748,19.21K,0.98%,,727.5893914577283
"Mar 25, 2019",32223,32199,32245,32083,14.02K,0.21%,,186.70691643549438
"Mar 26, 2019",32113,32200,32200,32031,13.04K,-0.34%,,82.43264337672736
"Mar 27, 2019",32019,32101,32182,32000,17.72K,-0.29%,,100.1080624999995
"Mar 28, 2019",31624,31993,32030,31591,15.06K,-1.23%,,70.45857997530766
"Mar 29, 2019",31703,31600,31788,31510,11.36K,0.25%,,382.7027610282457
"Apr 01, 2019",31570,31588,31730,31542,4.52K,-0.42%,,170.16688859298662
"Apr 02, 2019",31535,31550,31590,31359,0.39K,-0.11%,,217.2964699129443
"Apr 03, 2019",31450,31499,31607,31318,0.17K,-0.27%,,241.2180854460676
"Apr 04, 2019",31503,31499,31549,31350,0.07K,0.17%,,203.9711961722496
"Apr 05, 2019",31566,31535,31620,31400,0.06K,0.20%,,252.1630573248404
"Apr 08, 2019",32076,31795,32155,31795,12.90K,1.62%,,644.1816323321291
"Apr 09, 2019",32098,32131,32171,32020,11.01K,0.07%,,118.36783260462109
"Apr 10, 2019",32174,32070,32197,31968,11.74K,0.24%,,334.47566316316437
"Apr 11, 2019",31663,32148,32148,31638,17.11K,-1.59%,,25.40299639673685
"Apr 12, 2019",31760,31721,31871,31705,11.01K,0.31%,,205.2879671976043
"Apr 15, 2019",31760,31710,31791,31570,8.54K,0.00%,,272.33006018371816
"Apr 16, 2019",31474,31700,31768,31453,14.48K,-0.90%,,89.21031380154456
"Apr 17, 2019",31410,31500,31525,31393,5.65K,-0.20%,,42.07148090338524
"Apr 18, 2019",31403,31474,31544,31355,9.87K,-0.02%,,118.28933184500055
"Apr 22, 2019",31531,31497,31697,31497,9.89K,0.41%,,234.21589357716584
"Apr 23, 2019",31525,31490,31566,31401,9.92K,-0.02%,,200.65157160599847
"Apr 24, 2019",31759,31480,31799,31450,12.64K,0.74%,,631.4289666136721
"Apr 25, 2019",31843,31750,31926,31641,11.64K,0.26%,,379.81947473215035
"Apr 26, 2019",31868,31851,31934,31705,9.67K,0.08%,,247.1773221889307
"Apr 30, 2019",31625,31800,31824,31597,6.44K,-0.76%,,52.201158337815286
"May 01, 2019",31563,31604,31657,31503,1.55K,-0.20%,,113.29330539948569
"May 02, 2019",31203,31420,31425,31160,0.48K,-1.14%,,48.36569319640694
"May 03, 2019",31341,31250,31500,31163,0.08K,0.44%,,429.9249109520897
